class,filepaths,labels,dateset
0,train/Ryan1/63.jpg,Ryan,train
0,train/Ryan1/189.jpg,Ryan,train
0,train/Ryan1/77.jpg,Ryan,train
0,train/Ryan1/162.jpg,Ryan,train
0,train/Ryan1/176.jpg,Ryan,train
0,train/Ryan1/88.jpg,Ryan,train
0,train/Ryan1/757757faces.jpg,Ryan,train
0,train/Ryan1/398398faces.jpg,Ryan,train
0,train/Ryan1/214.jpg,Ryan,train
0,train/Ryan1/797797faces.jpg,Ryan,train
0,train/Ryan1/200.jpg,Ryan,train
0,train/Ryan1/500500faces.jpg,Ryan,train
0,train/Ryan1/530530faces.jpg,Ryan,train
0,train/Ryan1/276276faces.jpg,Ryan,train
0,train/Ryan1/398398ffaces.jpg,Ryan,train
0,train/Ryan1/446446faces.jpg,Ryan,train
0,train/Ryan1/215.jpg,Ryan,train
0,train/Ryan1/9595faces.jpg,Ryan,train
0,train/Ryan1/167167faces.jpg,Ryan,train
0,train/Ryan1/390390faces.jpg,Ryan,train
0,train/Ryan1/611611faces.jpg,Ryan,train
0,train/Ryan1/157157faces.jpg,Ryan,train
0,train/Ryan1/177.jpg,Ryan,train
0,train/Ryan1/89.jpg,Ryan,train
0,train/Ryan1/486486faces.jpg,Ryan,train
0,train/Ryan1/76.jpg,Ryan,train
0,train/Ryan1/62.jpg,Ryan,train
0,train/Ryan1/74.jpg,Ryan,train
0,train/Ryan1/60.jpg,Ryan,train
0,train/Ryan1/48.jpg,Ryan,train
0,train/Ryan1/175.jpg,Ryan,train
0,train/Ryan1/312312faces.jpg,Ryan,train
0,train/Ryan1/161.jpg,Ryan,train
0,train/Ryan1/454454faces.jpg,Ryan,train
0,train/Ryan1/185185faces.jpg,Ryan,train
0,train/Ryan1/633633faces.jpg,Ryan,train
0,train/Ryan1/603603faces.jpg,Ryan,train
0,train/Ryan1/217.jpg,Ryan,train
0,train/Ryan1/494494faces.jpg,Ryan,train
0,train/Ryan1/663663faces.jpg,Ryan,train
0,train/Ryan1/930930faces.jpg,Ryan,train
0,train/Ryan1/5858faces.jpg,Ryan,train
0,train/Ryan1/294294faces.jpg,Ryan,train
0,train/Ryan1/216.jpg,Ryan,train
0,train/Ryan1/202.jpg,Ryan,train
0,train/Ryan1/173173tfaces.jpg,Ryan,train
0,train/Ryan1/542542faces.jpg,Ryan,train
0,train/Ryan1/201201faces-1.jpg,Ryan,train
0,train/Ryan1/234234faces.jpg,Ryan,train
0,train/Ryan1/160.jpg,Ryan,train
0,train/Ryan1/148.jpg,Ryan,train
0,train/Ryan1/264264faces.jpg,Ryan,train
0,train/Ryan1/61.jpg,Ryan,train
0,train/Ryan1/470470faces.jpg,Ryan,train
0,train/Ryan1/59.jpg,Ryan,train
0,train/Ryan1/336336faces.jpg,Ryan,train
0,train/Ryan1/71.jpg,Ryan,train
0,train/Ryan1/65.jpg,Ryan,train
0,train/Ryan1/170.jpg,Ryan,train
0,train/Ryan1/164.jpg,Ryan,train
0,train/Ryan1/306306faces.jpg,Ryan,train
0,train/Ryan1/158.jpg,Ryan,train
0,train/Ryan1/218218faces.jpg,Ryan,train
0,train/Ryan1/366366faces.jpg,Ryan,train
0,train/Ryan1/366366faces_0.jpg,Ryan,train
0,train/Ryan1/410410faces.jpg,Ryan,train
0,train/Ryan1/627627faces.jpg,Ryan,train
0,train/Ryan1/151151faces.jpg,Ryan,train
0,train/Ryan1/206.jpg,Ryan,train
0,train/Ryan1/212.jpg,Ryan,train
0,train/Ryan1/480480faces.jpg,Ryan,train
0,train/Ryan1/288288faces.jpg,Ryan,train
0,train/Ryan1/280280faces.jpg,Ryan,train
0,train/Ryan1/207.jpg,Ryan,train
0,train/Ryan1/761761faces.jpg,Ryan,train
0,train/Ryan1/596596faces.jpg,Ryan,train
0,train/Ryan1/199199faces.jpg,Ryan,train
0,train/Ryan1/566566faces.jpg,Ryan,train
0,train/Ryan1/159.jpg,Ryan,train
0,train/Ryan1/165.jpg,Ryan,train
0,train/Ryan1/64.jpg,Ryan,train
0,train/Ryan1/70.jpg,Ryan,train
0,train/Ryan1/448448faces.jpg,Ryan,train
0,train/Ryan1/58.jpg,Ryan,train
0,train/Ryan1/198.jpg,Ryan,train
0,train/Ryan1/66.jpg,Ryan,train
0,train/Ryan1/72.jpg,Ryan,train
0,train/Ryan1/167.jpg,Ryan,train
0,train/Ryan1/99.jpg,Ryan,train
0,train/Ryan1/773773faces.jpg,Ryan,train
0,train/Ryan1/211.jpg,Ryan,train
0,train/Ryan1/205.jpg,Ryan,train
0,train/Ryan1/239.jpg,Ryan,train
0,train/Ryan1/514514faces.jpg,Ryan,train
0,train/Ryan1/452452faces.jpg,Ryan,train
0,train/Ryan1/238.jpg,Ryan,train
0,train/Ryan1/374374faces.jpg,Ryan,train
0,train/Ryan1/204.jpg,Ryan,train
0,train/Ryan1/266266faces-1.jpg,Ryan,train
0,train/Ryan1/210.jpg,Ryan,train
0,train/Ryan1/143143faces.jpg,Ryan,train
0,train/Ryan1/172.jpg,Ryan,train
0,train/Ryan1/166.jpg,Ryan,train
0,train/Ryan1/98.jpg,Ryan,train
0,train/Ryan1/73.jpg,Ryan,train
0,train/Ryan1/9.jpg,Ryan,train
0,train/Ryan1/14.jpg,Ryan,train
0,train/Ryan1/260260faces.jpg,Ryan,train
0,train/Ryan1/458458faces.jpg,Ryan,train
0,train/Ryan1/28.jpg,Ryan,train
0,train/Ryan1/129.jpg,Ryan,train
0,train/Ryan1/101.jpg,Ryan,train
0,train/Ryan1/250250faces.jpg,Ryan,train
0,train/Ryan1/115.jpg,Ryan,train
0,train/Ryan1/230230faces.jpg,Ryan,train
0,train/Ryan1/438438faces.jpg,Ryan,train
0,train/Ryan1/200200faces.jpg,Ryan,train
0,train/Ryan1/586586faces.jpg,Ryan,train
0,train/Ryan1/149149faces.jpg,Ryan,train
0,train/Ryan1/179179faces.jpg,Ryan,train
0,train/Ryan1/129129faces.jpg,Ryan,train
0,train/Ryan1/498498faces.jpg,Ryan,train
0,train/Ryan1/298298faces.jpg,Ryan,train
0,train/Ryan1/121121faces.jpg,Ryan,train
0,train/Ryan1/490490faces.jpg,Ryan,train
0,train/Ryan1/141141faces.jpg,Ryan,train
0,train/Ryan1/171171faces.jpg,Ryan,train
0,train/Ryan1/238238faces.jpg,Ryan,train
0,train/Ryan1/114.jpg,Ryan,train
0,train/Ryan1/100.jpg,Ryan,train
0,train/Ryan1/316316faces.jpg,Ryan,train
0,train/Ryan1/29.jpg,Ryan,train
0,train/Ryan1/15.jpg,Ryan,train
0,train/Ryan1/258258faces.jpg,Ryan,train
0,train/Ryan1/17.jpg,Ryan,train
0,train/Ryan1/645645faces.jpg,Ryan,train
0,train/Ryan1/482482faces.jpg,Ryan,train
0,train/Ryan1/116.jpg,Ryan,train
0,train/Ryan1/102.jpg,Ryan,train
0,train/Ryan1/153153faces.jpg,Ryan,train
0,train/Ryan1/615615faces.jpg,Ryan,train
0,train/Ryan1/472472faces-1.jpg,Ryan,train
0,train/Ryan1/364364faces.jpg,Ryan,train
0,train/Ryan1/193193faces.jpg,Ryan,train
0,train/Ryan1/442442faces.jpg,Ryan,train
0,train/Ryan1/472472faces.jpg,Ryan,train
0,train/Ryan1/272272faces.jpg,Ryan,train
0,train/Ryan1/504504faces.jpg,Ryan,train
0,train/Ryan1/242242faces.jpg,Ryan,train
0,train/Ryan1/615615faces-1.jpg,Ryan,train
0,train/Ryan1/317317facdes.jpg,Ryan,train
0,train/Ryan1/103.jpg,Ryan,train
0,train/Ryan1/117.jpg,Ryan,train
0,train/Ryan1/733733faces.jpg,Ryan,train
0,train/Ryan1/16.jpg,Ryan,train
0,train/Ryan1/12.jpg,Ryan,train
0,train/Ryan1/113.jpg,Ryan,train
0,train/Ryan1/107.jpg,Ryan,train
0,train/Ryan1/601601faces.jpg,Ryan,train
0,train/Ryan1/436436faces.jpg,Ryan,train
0,train/Ryan1/187187faces.jpg,Ryan,train
0,train/Ryan1/528528faces.jpg,Ryan,train
0,train/Ryan1/310310faces.jpg,Ryan,train
0,train/Ryan1/520520faces.jpg,Ryan,train
0,train/Ryan1/510510faces.jpg,Ryan,train
0,train/Ryan1/378378faces.jpg,Ryan,train
0,train/Ryan1/206206faces.jpg,Ryan,train
0,train/Ryan1/639639faces.jpg,Ryan,train
0,train/Ryan1/112.jpg,Ryan,train
0,train/Ryan1/13.jpg,Ryan,train
0,train/Ryan1/39.jpg,Ryan,train
0,train/Ryan1/1971r97faces.jpg,Ryan,train
0,train/Ryan1/11.jpg,Ryan,train
0,train/Ryan1/104.jpg,Ryan,train
0,train/Ryan1/110.jpg,Ryan,train
0,train/Ryan1/138.jpg,Ryan,train
0,train/Ryan1/224224faces.jpg,Ryan,train
0,train/Ryan1/366366faces-1.jpg,Ryan,train
0,train/Ryan1/284284faces.jpg,Ryan,train
0,train/Ryan1/105105faces.jpg,Ryan,train
0,train/Ryan1/623623faces.jpg,Ryan,train
0,train/Ryan1/362362faces.jpg,Ryan,train
0,train/Ryan1/444444faces.jpg,Ryan,train
0,train/Ryan1/111.jpg,Ryan,train
0,train/Ryan1/105.jpg,Ryan,train
0,train/Ryan1/10.jpg,Ryan,train
0,train/Ryan1/332332faces.jpg,Ryan,train
0,train/Ryan1/38.jpg,Ryan,train
0,train/Ryan1/21.jpg,Ryan,train
0,train/Ryan1/108.jpg,Ryan,train
0,train/Ryan1/120.jpg,Ryan,train
0,train/Ryan1/182182faces.jpg,Ryan,train
0,train/Ryan1/315315faces.jpg,Ryan,train
0,train/Ryan1/325325faces.jpg,Ryan,train
0,train/Ryan1/463463faces.jpg,Ryan,train
0,train/Ryan1/112112faces.jpg,Ryan,train
0,train/Ryan1/385385faces.jpg,Ryan,train
0,train/Ryan1/172172faces.jpg,Ryan,train
0,train/Ryan1/634634faces.jpg,Ryan,train
0,train/Ryan1/203203faces-1.jpg,Ryan,train
0,train/Ryan1/585585faces.jpg,Ryan,train
0,train/Ryan1/135.jpg,Ryan,train
0,train/Ryan1/109.jpg,Ryan,train
0,train/Ryan1/203203faces.jpg,Ryan,train
0,train/Ryan1/34.jpg,Ryan,train
0,train/Ryan1/36.jpg,Ryan,train
0,train/Ryan1/22.jpg,Ryan,train
0,train/Ryan1/597597faces.jpg,Ryan,train
0,train/Ryan1/750750faces.jpg,Ryan,train
0,train/Ryan1/288288fafces.jpg,Ryan,train
0,train/Ryan1/168168faces.jpg,Ryan,train
0,train/Ryan1/137.jpg,Ryan,train
0,train/Ryan1/10651065faces.jpg,Ryan,train
0,train/Ryan1/123.jpg,Ryan,train
0,train/Ryan1/489489faces.jpg,Ryan,train
0,train/Ryan1/241.jpg,Ryan,train
0,train/Ryan1/567567faces.jpg,Ryan,train
0,train/Ryan1/557557faces.jpg,Ryan,train
0,train/Ryan1/307307faces.jpg,Ryan,train
0,train/Ryan1/240.jpg,Ryan,train
0,train/Ryan1/471471faces.jpg,Ryan,train
0,train/Ryan1/289289faces.jpg,Ryan,train
0,train/Ryan1/1851853faces.jpg,Ryan,train
0,train/Ryan1/122.jpg,Ryan,train
0,train/Ryan1/136.jpg,Ryan,train
0,train/Ryan1/626626faces.jpg,Ryan,train
0,train/Ryan1/160160faces.jpg,Ryan,train
0,train/Ryan1/803803faces.jpg,Ryan,train
0,train/Ryan1/397397faces.jpg,Ryan,train
0,train/Ryan1/37.jpg,Ryan,train
0,train/Ryan1/583583faces.jpg,Ryan,train
0,train/Ryan1/33.jpg,Ryan,train
0,train/Ryan1/27.jpg,Ryan,train
0,train/Ryan1/132.jpg,Ryan,train
0,train/Ryan1/126.jpg,Ryan,train
0,train/Ryan1/724724faces.jpg,Ryan,train
0,train/Ryan1/205205faces.jpg,Ryan,train
0,train/Ryan1/8686faces.jpg,Ryan,train
0,train/Ryan1/184184faces.jpg,Ryan,train
0,train/Ryan1/435435faces.jpg,Ryan,train
0,train/Ryan1/313313faces.jpg,Ryan,train
0,train/Ryan1/124124faces.jpg,Ryan,train
0,train/Ryan1/9494faces.jpg,Ryan,train
0,train/Ryan1/127.jpg,Ryan,train
0,train/Ryan1/144144faces.jpg,Ryan,train
0,train/Ryan1/133.jpg,Ryan,train
0,train/Ryan1/26.jpg,Ryan,train
0,train/Ryan1/174174faces.jpg,Ryan,train
0,train/Ryan1/32.jpg,Ryan,train
0,train/Ryan1/18.jpg,Ryan,train
0,train/Ryan1/24.jpg,Ryan,train
0,train/Ryan1/125.jpg,Ryan,train
0,train/Ryan1/196196faces.jpg,Ryan,train
0,train/Ryan1/487487faces.jpg,Ryan,train
0,train/Ryan1/391391faces.jpg,Ryan,train
0,train/Ryan1/166166faces.jpg,Ryan,train
0,train/Ryan1/8181faces.jpg,Ryan,train
0,train/Ryan1/620620faces.jpg,Ryan,train
0,train/Ryan1/531531faces.jpg,Ryan,train
0,train/Ryan1/203203faceis.jpg,Ryan,train
0,train/Ryan1/118.jpg,Ryan,train
0,train/Ryan1/130.jpg,Ryan,train
0,train/Ryan1/124.jpg,Ryan,train
0,train/Ryan1/217217faces.jpg,Ryan,train
0,train/Ryan1/31.jpg,Ryan,train
0,train/Ryan1/25.jpg,Ryan,train
0,train/Ryan1/369369faces.jpg,Ryan,train
0,train/Ryan1/3434faces.jpg,Ryan,train
0,train/Ryan1/19.jpg,Ryan,train
0,train/Ryan1/4.jpg,Ryan,train
0,train/Ryan1/56.jpg,Ryan,train
0,train/Ryan1/180.jpg,Ryan,train
0,train/Ryan1/194.jpg,Ryan,train
0,train/Ryan1/612612faces.jpg,Ryan,train
0,train/Ryan1/81.jpg,Ryan,train
0,train/Ryan1/95.jpg,Ryan,train
0,train/Ryan1/143.jpg,Ryan,train
0,train/Ryan1/157.jpg,Ryan,train
0,train/Ryan1/10971097faces.jpg,Ryan,train
0,train/Ryan1/642642faces.jpg,Ryan,train
0,train/Ryan1/202202facesi.jpg,Ryan,train
0,train/Ryan1/235.jpg,Ryan,train
0,train/Ryan1/221.jpg,Ryan,train
0,train/Ryan1/194194faces.jpg,Ryan,train
0,train/Ryan1/794794faces.jpg,Ryan,train
0,train/Ryan1/245245faces.jpg,Ryan,train
0,train/Ryan1/234.jpg,Ryan,train
0,train/Ryan1/208.jpg,Ryan,train
0,train/Ryan1/7777faces.jpg,Ryan,train
0,train/Ryan1/9999faces.jpg,Ryan,train
0,train/Ryan1/156.jpg,Ryan,train
0,train/Ryan1/94.jpg,Ryan,train
0,train/Ryan1/80.jpg,Ryan,train
0,train/Ryan1/195.jpg,Ryan,train
0,train/Ryan1/181.jpg,Ryan,train
0,train/Ryan1/593593faces.jpg,Ryan,train
0,train/Ryan1/57.jpg,Ryan,train
0,train/Ryan1/43.jpg,Ryan,train
0,train/Ryan1/55.jpg,Ryan,train
0,train/Ryan1/7.jpg,Ryan,train
0,train/Ryan1/41.jpg,Ryan,train
0,train/Ryan1/69.jpg,Ryan,train
0,train/Ryan1/541541faces.jpg,Ryan,train
0,train/Ryan1/183.jpg,Ryan,train
0,train/Ryan1/237237faces.jpg,Ryan,train
0,train/Ryan1/96.jpg,Ryan,train
0,train/Ryan1/82.jpg,Ryan,train
0,train/Ryan1/154.jpg,Ryan,train
0,train/Ryan1/140.jpg,Ryan,train
0,train/Ryan1/511511faces.jpg,Ryan,train
0,train/Ryan1/267267faces.jpg,Ryan,train
0,train/Ryan1/297297faces.jpg,Ryan,train
0,train/Ryan1/222.jpg,Ryan,train
0,train/Ryan1/236.jpg,Ryan,train
0,train/Ryan1/176176faces.jpg,Ryan,train
0,train/Ryan1/589589faces.jpg,Ryan,train
0,train/Ryan1/237.jpg,Ryan,train
0,train/Ryan1/126126faces.jpg,Ryan,train
0,train/Ryan1/223.jpg,Ryan,train
0,train/Ryan1/529529faces.jpg,Ryan,train
0,train/Ryan1/141.jpg,Ryan,train
0,train/Ryan1/155.jpg,Ryan,train
0,train/Ryan1/83.jpg,Ryan,train
0,train/Ryan1/97.jpg,Ryan,train
0,train/Ryan1/371371faces.jpg,Ryan,train
0,train/Ryan1/169.jpg,Ryan,train
0,train/Ryan1/182.jpg,Ryan,train
0,train/Ryan1/68.jpg,Ryan,train
0,train/Ryan1/196.jpg,Ryan,train
0,train/Ryan1/40.jpg,Ryan,train
0,train/Ryan1/54.jpg,Ryan,train
0,train/Ryan1/6.jpg,Ryan,train
0,train/Ryan1/192.jpg,Ryan,train
0,train/Ryan1/78.jpg,Ryan,train
0,train/Ryan1/186.jpg,Ryan,train
0,train/Ryan1/2.jpg,Ryan,train
0,train/Ryan1/555555faces.jpg,Ryan,train
0,train/Ryan1/50.jpg,Ryan,train
0,train/Ryan1/223223faces.jpg,Ryan,train
0,train/Ryan1/145.jpg,Ryan,train
0,train/Ryan1/93.jpg,Ryan,train
0,train/Ryan1/87.jpg,Ryan,train
0,train/Ryan1/179.jpg,Ryan,train
0,train/Ryan1/273273faces.jpg,Ryan,train
0,train/Ryan1/702702faces.jpg,Ryan,train
0,train/Ryan1/227.jpg,Ryan,train
0,train/Ryan1/233.jpg,Ryan,train
0,train/Ryan1/152152faces.jpg,Ryan,train
0,train/Ryan1/132132faces.jpg,Ryan,train
0,train/Ryan1/232.jpg,Ryan,train
0,train/Ryan1/124124ffaces.jpg,Ryan,train
0,train/Ryan1/305305faces.jpg,Ryan,train
0,train/Ryan1/86.jpg,Ryan,train
0,train/Ryan1/178.jpg,Ryan,train
0,train/Ryan1/92.jpg,Ryan,train
0,train/Ryan1/10441044faces.jpg,Ryan,train
0,train/Ryan1/423423faces.jpg,Ryan,train
0,train/Ryan1/144.jpg,Ryan,train
0,train/Ryan1/150.jpg,Ryan,train
0,train/Ryan1/3.jpg,Ryan,train
0,train/Ryan1/51.jpg,Ryan,train
0,train/Ryan1/187.jpg,Ryan,train
0,train/Ryan1/193.jpg,Ryan,train
0,train/Ryan1/399399faces-1.jpg,Ryan,train
0,train/Ryan1/191.jpg,Ryan,train
0,train/Ryan1/53.jpg,Ryan,train
0,train/Ryan1/146.jpg,Ryan,train
0,train/Ryan1/140140faces.jpg,Ryan,train
0,train/Ryan1/152.jpg,Ryan,train
0,train/Ryan1/90.jpg,Ryan,train
0,train/Ryan1/491491faces.jpg,Ryan,train
0,train/Ryan1/299299faces.jpg,Ryan,train
0,train/Ryan1/461461faces.jpg,Ryan,train
0,train/Ryan1/230.jpg,Ryan,train
0,train/Ryan1/224.jpg,Ryan,train
0,train/Ryan1/639639faces-1.jpg,Ryan,train
0,train/Ryan1/269269faces.jpg,Ryan,train
0,train/Ryan1/218.jpg,Ryan,train
0,train/Ryan1/377377faces.jpg,Ryan,train
0,train/Ryan1/239239faces.jpg,Ryan,train
0,train/Ryan1/201201faces.jpg,Ryan,train
0,train/Ryan1/547547faces.jpg,Ryan,train
0,train/Ryan1/225.jpg,Ryan,train
0,train/Ryan1/231.jpg,Ryan,train
0,train/Ryan1/178178facfes.jpg,Ryan,train
0,train/Ryan1/128128faces.jpg,Ryan,train
0,train/Ryan1/118118faces.jpg,Ryan,train
0,train/Ryan1/291291faces.jpg,Ryan,train
0,train/Ryan1/91.jpg,Ryan,train
0,train/Ryan1/85.jpg,Ryan,train
0,train/Ryan1/147.jpg,Ryan,train
0,train/Ryan1/178178faces.jpg,Ryan,train
0,train/Ryan1/46.jpg,Ryan,train
0,train/Ryan1/190.jpg,Ryan,train
0,train/Ryan1/184.jpg,Ryan,train
1,train/notRyan1/286286faces.jpg,notRyan,train
1,train/notRyan1/171171facqes.jpg,notRyan,train
1,train/notRyan1/i4040faces.jpg,notRyan,train
1,train/notRyan1/i5252faces.jpg,notRyan,train
1,train/notRyan1/226226faces.jpg,notRyan,train
1,train/notRyan1/9595faces.jpg,notRyan,train
1,train/notRyan1/256256faces-1.jpg,notRyan,train
1,train/notRyan1/167167faces.jpg,notRyan,train
1,train/notRyan1/390390faces.jpg,notRyan,train
1,train/notRyan1/8787faces.jpg,notRyan,train
1,train/notRyan1/i127127faces.jpg,notRyan,train
1,train/notRyan1/7474fsaces.jpg,notRyan,train
1,train/notRyan1/154154faceqs.jpg,notRyan,train
1,train/notRyan1/iii5454faces.jpg,notRyan,train
1,train/notRyan1/8080faces.jpg,notRyan,train
1,train/notRyan1/343343faces-1.jpg,notRyan,train
1,train/notRyan1/175175faces.jpg,notRyan,train
1,train/notRyan1/i135135faces.jpg,notRyan,train
1,train/notRyan1/i7171faces.jpg,notRyan,train
1,train/notRyan1/125125faces.jpg,notRyan,train
1,train/notRyan1/115115faces.jpg,notRyan,train
1,train/notRyan1/5858faces.jpg,notRyan,train
1,train/notRyan1/ii103103faces.jpg,notRyan,train
1,train/notRyan1/i5555faces.jpg,notRyan,train
1,train/notRyan1/234234faces.jpg,notRyan,train
1,train/notRyan1/254254faces.jpg,notRyan,train
1,train/notRyan1/335335fapces.jpg,notRyan,train
1,train/notRyan1/522522faces.jpg,notRyan,train
1,train/notRyan1/248248faces.jpg,notRyan,train
1,train/notRyan1/412412faces-2.jpg,notRyan,train
1,train/notRyan1/4444faces.jpg,notRyan,train
1,train/notRyan1/218218faces.jpg,notRyan,train
1,train/notRyan1/420420faces.jpg,notRyan,train
1,train/notRyan1/i326326faces.jpg,notRyan,train
1,train/notRyan1/228228faces.jpg,notRyan,train
1,train/notRyan1/i111111faces.jpg,notRyan,train
1,train/notRyan1/161161faces.jpg,notRyan,train
1,train/notRyan1/151151faces.jpg,notRyan,train
1,train/notRyan1/5656faces.jpg,notRyan,train
1,train/notRyan1/ii4545faces.jpg,notRyan,train
1,train/notRyan1/131131faces.jpg,notRyan,train
1,train/notRyan1/101101faces.jpg,notRyan,train
1,train/notRyan1/i9191faces.jpg,notRyan,train
1,train/notRyan1/139139faces.jpg,notRyan,train
1,train/notRyan1/280280faces.jpg,notRyan,train
1,train/notRyan1/169169faces.jpg,notRyan,train
1,train/notRyan1/159159faces.jpg,notRyan,train
1,train/notRyan1/ii6161faces.jpg,notRyan,train
1,train/notRyan1/7272faces.jpg,notRyan,train
1,train/notRyan1/210210faces.jpg,notRyan,train
1,train/notRyan1/6060faces.jpg,notRyan,train
1,train/notRyan1/418418faces.jpg,notRyan,train
1,train/notRyan1/i8383faces.jpg,notRyan,train
1,train/notRyan1/240240faces.jpg,notRyan,train
1,train/notRyan1/361361faces-1.jpg,notRyan,train
1,train/notRyan1/285285faces-2.jpg,notRyan,train
1,train/notRyan1/i8484faces.jpg,notRyan,train
1,train/notRyan1/292292faces.jpg,notRyan,train
1,train/notRyan1/8989faces.jpg,notRyan,train
1,train/notRyan1/6767faces.jpg,notRyan,train
1,train/notRyan1/7575faces.jpg,notRyan,train
1,train/notRyan1/ii8888faces.jpg,notRyan,train
1,train/notRyan1/211211fgaces.jpg,notRyan,train
1,train/notRyan1/252252faces.jpg,notRyan,train
1,train/notRyan1/i7878faces.jpg,notRyan,train
1,train/notRyan1/462462faces.jpg,notRyan,train
1,train/notRyan1/ii4242faces.jpg,notRyan,train
1,train/notRyan1/5151faces.jpg,notRyan,train
1,train/notRyan1/iii8585faces.jpg,notRyan,train
1,train/notRyan1/344344faces.jpg,notRyan,train
1,train/notRyan1/i103103faces.jpg,notRyan,train
1,train/notRyan1/143143faces.jpg,notRyan,train
1,train/notRyan1/123123faces.jpg,notRyan,train
1,train/notRyan1/289289faces-1.jpg,notRyan,train
1,train/notRyan1/4343faces.jpg,notRyan,train
1,train/notRyan1/113113faces.jpg,notRyan,train
1,train/notRyan1/ii5050faces.jpg,notRyan,train
1,train/notRyan1/172172faces-1.jpg,notRyan,train
1,train/notRyan1/257257faces-1.jpg,notRyan,train
1,train/notRyan1/212212faces-1.jpg,notRyan,train
1,train/notRyan1/7777faqces.jpg,notRyan,train
1,train/notRyan1/189189faces.jpg,notRyan,train
1,train/notRyan1/4949faces.jpg,notRyan,train
1,train/notRyan1/149149faces.jpg,notRyan,train
1,train/notRyan1/6363fafces.jpg,notRyan,train
1,train/notRyan1/179179faces.jpg,notRyan,train
1,train/notRyan1/ii4848faces.jpg,notRyan,train
1,train/notRyan1/282282facees.jpg,notRyan,train
1,train/notRyan1/i5656faces.jpg,notRyan,train
1,train/notRyan1/119119faces.jpg,notRyan,train
1,train/notRyan1/129129faces.jpg,notRyan,train
1,train/notRyan1/i159159faces.jpg,notRyan,train
1,train/notRyan1/123123faces-3.jpg,notRyan,train
1,train/notRyan1/123123faces-2.jpg,notRyan,train
1,train/notRyan1/298298faces.jpg,notRyan,train
1,train/notRyan1/ii8282faces.jpg,notRyan,train
1,train/notRyan1/111111faces.jpg,notRyan,train
1,train/notRyan1/842842faces.jpg,notRyan,train
1,train/notRyan1/171171faces.jpg,notRyan,train
1,train/notRyan1/i7272faces.jpg,notRyan,train
1,train/notRyan1/346346faces.jpg,notRyan,train
1,train/notRyan1/i6060faces.jpg,notRyan,train
1,train/notRyan1/181181faces.jpg,notRyan,train
1,train/notRyan1/430430faces.jpg,notRyan,train
1,train/notRyan1/8383faces.jpg,notRyan,train
1,train/notRyan1/103103faces.jpg,notRyan,train
1,train/notRyan1/8484faces.jpg,notRyan,train
1,train/notRyan1/133133faces.jpg,notRyan,train
1,train/notRyan1/i8989faces.jpg,notRyan,train
1,train/notRyan1/i6767faces.jpg,notRyan,train
1,train/notRyan1/485485faces-1.jpg,notRyan,train
1,train/notRyan1/i7575faces.jpg,notRyan,train
1,train/notRyan1/197197faces-1.jpg,notRyan,train
1,train/notRyan1/364364faces.jpg,notRyan,train
1,train/notRyan1/193193faces.jpg,notRyan,train
1,train/notRyan1/7878faces.jpg,notRyan,train
1,train/notRyan1/9696faces.jpg,notRyan,train
1,train/notRyan1/ii8585faces.jpg,notRyan,train
1,train/notRyan1/123123faces-1.jpg,notRyan,train
1,train/notRyan1/272272faces.jpg,notRyan,train
1,train/notRyan1/10221022faces.jpg,notRyan,train
1,train/notRyan1/222222faces.jpg,notRyan,train
1,train/notRyan1/8787faces-1.jpg,notRyan,train
1,train/notRyan1/838838faces.jpg,notRyan,train
1,train/notRyan1/i292292faces.jpg,notRyan,train
1,train/notRyan1/528528faces-1.jpg,notRyan,train
1,train/notRyan1/282282faces.jpg,notRyan,train
1,train/notRyan1/183183faces-2.jpg,notRyan,train
1,train/notRyan1/i4343faces.jpg,notRyan,train
1,train/notRyan1/117117faces.jpg,notRyan,train
1,train/notRyan1/113113facqes.jpg,notRyan,train
1,train/notRyan1/148148faces-1.jpg,notRyan,train
1,train/notRyan1/838q3faces.jpg,notRyan,train
1,train/notRyan1/127127faces.jpg,notRyan,train
1,train/notRyan1/4040faces.jpg,notRyan,train
1,train/notRyan1/i107107faces.jpg,notRyan,train
1,train/notRyan1/631631faces.jpg,notRyan,train
1,train/notRyan1/5252faces.jpg,notRyan,train
1,train/notRyan1/275275faces-1.jpg,notRyan,train
1,train/notRyan1/328328faces.jpg,notRyan,train
1,train/notRyan1/ii6565faces.jpg,notRyan,train
1,train/notRyan1/510510faces.jpg,notRyan,train
1,train/notRyan1/i9595faces.jpg,notRyan,train
1,train/notRyan1/206206faces.jpg,notRyan,train
1,train/notRyan1/i6969faces.jpg,notRyan,train
1,train/notRyan1/7171faces-1.jpg,notRyan,train
1,train/notRyan1/717717faces.jpg,notRyan,train
1,train/notRyan1/6464faces.jpg,notRyan,train
1,train/notRyan1/142142faces-1.jpg,notRyan,train
1,train/notRyan1/ii7070faces.jpg,notRyan,train
1,train/notRyan1/6363faces.jpg,notRyan,train
1,train/notRyan1/244244faces.jpg,notRyan,train
1,train/notRyan1/214214faces.jpg,notRyan,train
1,train/notRyan1/i8080faces.jpg,notRyan,train
1,train/notRyan1/284284faces.jpg,notRyan,train
1,train/notRyan1/7171faces.jpg,notRyan,train
1,train/notRyan1/6363facesf.jpg,notRyan,train
1,train/notRyan1/i175175faces.jpg,notRyan,train
1,train/notRyan1/i5858faces.jpg,notRyan,train
1,train/notRyan1/105105faces.jpg,notRyan,train
1,train/notRyan1/135135faces.jpg,notRyan,train
1,train/notRyan1/119119faces-1.jpg,notRyan,train
1,train/notRyan1/155155faces.jpg,notRyan,train
1,train/notRyan1/165165faces.jpg,notRyan,train
1,train/notRyan1/392392faces.jpg,notRyan,train
1,train/notRyan1/5555faces.jpg,notRyan,train
1,train/notRyan1/4747faces.jpg,notRyan,train
1,train/notRyan1/ii5454faces.jpg,notRyan,train
1,train/notRyan1/362362faces.jpg,notRyan,train
1,train/notRyan1/302302faces.jpg,notRyan,train
1,train/notRyan1/332332faces.jpg,notRyan,train
1,train/notRyan1/8888facqes.jpg,notRyan,train
1,train/notRyan1/717717faces-1.jpg,notRyan,train
1,train/notRyan1/171171faces-3.jpg,notRyan,train
1,train/notRyan1/5757faces.jpg,notRyan,train
1,train/notRyan1/112112faces.jpg,notRyan,train
1,train/notRyan1/4545faces.jpg,notRyan,train
1,train/notRyan1/122122faces.jpg,notRyan,train
1,train/notRyan1/142142faces.jpg,notRyan,train
1,train/notRyan1/i4848faces.jpg,notRyan,train
1,train/notRyan1/172172faces.jpg,notRyan,train
1,train/notRyan1/6363faces-2.jpg,notRyan,train
1,train/notRyan1/6161faces.jpg,notRyan,train
1,train/notRyan1/i8282faces.jpg,notRyan,train
1,train/notRyan1/8888faces-2.jpg,notRyan,train
1,train/notRyan1/293293faces.jpg,notRyan,train
1,train/notRyan1/iii4949faces.jpg,notRyan,train
1,train/notRyan1/233233faces.jpg,notRyan,train
1,train/notRyan1/203203faces.jpg,notRyan,train
1,train/notRyan1/7373faces.jpg,notRyan,train
1,train/notRyan1/7474faces.jpg,notRyan,train
1,train/notRyan1/ii6767faces.jpg,notRyan,train
1,train/notRyan1/158158faces.jpg,notRyan,train
1,train/notRyan1/168168faces.jpg,notRyan,train
1,train/notRyan1/252252faces-1.jpg,notRyan,train
1,train/notRyan1/i118118faces.jpg,notRyan,train
1,train/notRyan1/i178178faces.jpg,notRyan,train
1,train/notRyan1/108108faces.jpg,notRyan,train
1,train/notRyan1/449449faces.jpg,notRyan,train
1,train/notRyan1/214214facges.jpg,notRyan,train
1,train/notRyan1/271271faces.jpg,notRyan,train
1,train/notRyan1/420420faces-1.jpg,notRyan,train
1,train/notRyan1/i8585faces.jpg,notRyan,train
1,train/notRyan1/241241faces.jpg,notRyan,train
1,train/notRyan1/8888faces.jpg,notRyan,train
1,train/notRyan1/6666faces.jpg,notRyan,train
1,train/notRyan1/198198faces.jpg,notRyan,train
1,train/notRyan1/6969faces-2.jpg,notRyan,train
1,train/notRyan1/6363faces-1.jpg,notRyan,train
1,train/notRyan1/211211faces.jpg,notRyan,train
1,train/notRyan1/9292faceqs.jpg,notRyan,train
1,train/notRyan1/307307faces.jpg,notRyan,train
1,train/notRyan1/279279faces.jpg,notRyan,train
1,train/notRyan1/249249faces.jpg,notRyan,train
1,train/notRyan1/4242faces.jpg,notRyan,train
1,train/notRyan1/289289faces.jpg,notRyan,train
1,train/notRyan1/100100faces.jpg,notRyan,train
1,train/notRyan1/5050faces.jpg,notRyan,train
1,train/notRyan1/7777faces-1.jpg,notRyan,train
1,train/notRyan1/155155fafces.jpg,notRyan,train
1,train/notRyan1/481481faces.jpg,notRyan,train
1,train/notRyan1/i140140faces.jpg,notRyan,train
1,train/notRyan1/171171faces-1.jpg,notRyan,train
1,train/notRyan1/160160faces.jpg,notRyan,train
1,train/notRyan1/i110110faces.jpg,notRyan,train
1,train/notRyan1/295295faces.jpg,notRyan,train
1,train/notRyan1/343343faces.jpg,notRyan,train
1,train/notRyan1/8686faces.jpg,notRyan,train
1,train/notRyan1/6868faces.jpg,notRyan,train
1,train/notRyan1/234234facqes.jpg,notRyan,train
1,train/notRyan1/184184faces.jpg,notRyan,train
1,train/notRyan1/276276faces-2.jpg,notRyan,train
1,train/notRyan1/i6565faces.jpg,notRyan,train
1,train/notRyan1/323323faces.jpg,notRyan,train
1,train/notRyan1/114114faces.jpg,notRyan,train
1,train/notRyan1/i7777faces.jpg,notRyan,train
1,train/notRyan1/124124faces.jpg,notRyan,train
1,train/notRyan1/ii6969faces.jpg,notRyan,train
1,train/notRyan1/9494faces.jpg,notRyan,train
1,train/notRyan1/144144faces.jpg,notRyan,train
1,train/notRyan1/264264faces-1.jpg,notRyan,train
1,train/notRyan1/293293faces-1.jpg,notRyan,train
1,train/notRyan1/351351faces.jpg,notRyan,train
1,train/notRyan1/9393faces.jpg,notRyan,train
1,train/notRyan1/361361faces.jpg,notRyan,train
1,train/notRyan1/196196faces.jpg,notRyan,train
1,train/notRyan1/i7070faces.jpg,notRyan,train
1,train/notRyan1/301301faces.jpg,notRyan,train
1,train/notRyan1/146146facqes.jpg,notRyan,train
1,train/notRyan1/331331faces.jpg,notRyan,train
1,train/notRyan1/106106faces.jpg,notRyan,train
1,train/notRyan1/156156faces.jpg,notRyan,train
1,train/notRyan1/166166faces.jpg,notRyan,train
1,train/notRyan1/8181faces.jpg,notRyan,train
1,train/notRyan1/211211faceqs.jpg,notRyan,train
1,train/notRyan1/i4646faces.jpg,notRyan,train
1,train/notRyan1/ii5858faces.jpg,notRyan,train
1,train/notRyan1/153153faces-1.jpg,notRyan,train
1,train/notRyan1/129129facqes.jpg,notRyan,train
1,train/notRyan1/285285facwes.jpg,notRyan,train
1,train/notRyan1/309309faces.jpg,notRyan,train
1,train/notRyan1/i3939faces.jpg,notRyan,train
1,train/notRyan1/277277faces.jpg,notRyan,train
1,train/notRyan1/5959faces.jpg,notRyan,train
1,train/notRyan1/247247faces.jpg,notRyan,train
1,train/notRyan1/561561faces.jpg,notRyan,train
1,train/notRyan1/217217faces.jpg,notRyan,train
1,train/notRyan1/293293faces-2.jpg,notRyan,train
1,train/notRyan1/123123facqes.jpg,notRyan,train
1,train/notRyan1/i5454faces.jpg,notRyan,train
1,train/notRyan1/5353faces.jpg,notRyan,train
1,train/notRyan1/195195faces-1.jpg,notRyan,train
1,train/notRyan1/154154faces.jpg,notRyan,train
1,train/notRyan1/iii6969faces.jpg,notRyan,train
1,train/notRyan1/462462faces-2.jpg,notRyan,train
1,train/notRyan1/104104faces.jpg,notRyan,train
1,train/notRyan1/333333faces.jpg,notRyan,train
1,train/notRyan1/363363faces.jpg,notRyan,train
1,train/notRyan1/ii5252faces.jpg,notRyan,train
1,train/notRyan1/4141faces.jpg,notRyan,train
1,train/notRyan1/425425faces.jpg,notRyan,train
1,train/notRyan1/194194faces.jpg,notRyan,train
1,train/notRyan1/215215faces.jpg,notRyan,train
1,train/notRyan1/245245faces.jpg,notRyan,train
1,train/notRyan1/503503faces.jpg,notRyan,train
1,train/notRyan1/254254factes.jpg,notRyan,train
1,train/notRyan1/120120ufaces.jpg,notRyan,train
1,train/notRyan1/6565faces.jpg,notRyan,train
1,train/notRyan1/275275faces.jpg,notRyan,train
1,train/notRyan1/704704faces.jpg,notRyan,train
1,train/notRyan1/7777faces.jpg,notRyan,train
1,train/notRyan1/9999faces.jpg,notRyan,train
1,train/notRyan1/285285faces.jpg,notRyan,train
1,train/notRyan1/i9494faces.jpg,notRyan,train
1,train/notRyan1/167167faceqs.jpg,notRyan,train
1,train/notRyan1/217217facytes.jpg,notRyan,train
1,train/notRyan1/i9393faces.jpg,notRyan,train
1,train/notRyan1/127127faces-2.jpg,notRyan,train
1,train/notRyan1/7070faces.jpg,notRyan,train
1,train/notRyan1/ii6363faces.jpg,notRyan,train
1,train/notRyan1/462462faces-1.jpg,notRyan,train
1,train/notRyan1/127127facqes.jpg,notRyan,train
1,train/notRyan1/208208faces-1.jpg,notRyan,train
1,train/notRyan1/267267faces.jpg,notRyan,train
1,train/notRyan1/319319faces.jpg,notRyan,train
1,train/notRyan1/6262faces.jpg,notRyan,train
1,train/notRyan1/389389faces.jpg,notRyan,train
1,train/notRyan1/ii100100faces.jpg,notRyan,train
1,train/notRyan1/i8181faces.jpg,notRyan,train
1,train/notRyan1/i106106faces.jpg,notRyan,train
1,train/notRyan1/4646faces.jpg,notRyan,train
1,train/notRyan1/146146faces.jpg,notRyan,train
1,train/notRyan1/600600faces.jpg,notRyan,train
1,train/notRyan1/116116faces.jpg,notRyan,train
1,train/notRyan1/467467faces.jpg,notRyan,train
1,train/notRyan1/3939faces.jpg,notRyan,train
1,train/notRyan1/321321faces.jpg,notRyan,train
1,train/notRyan1/144144facqes.jpg,notRyan,train
1,train/notRyan1/311311faces.jpg,notRyan,train
1,train/notRyan1/437437faces.jpg,notRyan,train
1,train/notRyan1/5454faces.jpg,notRyan,train
1,train/notRyan1/213213faces.jpg,notRyan,train
1,train/notRyan1/223223faces.jpg,notRyan,train
1,train/notRyan1/ii4949faces.jpg,notRyan,train
1,train/notRyan1/3737faces.jpg,notRyan,train
1,train/notRyan1/243243faces.jpg,notRyan,train
1,train/notRyan1/273273faces.jpg,notRyan,train
1,train/notRyan1/i4545faces.jpg,notRyan,train
1,train/notRyan1/283283faces.jpg,notRyan,train
1,train/notRyan1/4848faces.jpg,notRyan,train
1,train/notRyan1/162162faces.jpg,notRyan,train
1,train/notRyan1/249249factes.jpg,notRyan,train
1,train/notRyan1/i112112faces.jpg,notRyan,train
1,train/notRyan1/i6161faces.jpg,notRyan,train
1,train/notRyan1/335335faces-2.jpg,notRyan,train
1,train/notRyan1/409409faces-1.jpg,notRyan,train
1,train/notRyan1/8282faces.jpg,notRyan,train
1,train/notRyan1/ii9191faces.jpg,notRyan,train
1,train/notRyan1/ii8383faces.jpg,notRyan,train
1,train/notRyan1/9090faces.jpg,notRyan,train
1,train/notRyan1/335335faces.jpg,notRyan,train
1,train/notRyan1/443443faces.jpg,notRyan,train
1,train/notRyan1/192192faces.jpg,notRyan,train
1,train/notRyan1/154154faces-2.jpg,notRyan,train
1,train/notRyan1/i7373faces.jpg,notRyan,train
1,train/notRyan1/i100100faces.jpg,notRyan,train
1,train/notRyan1/170170faces.jpg,notRyan,train
1,train/notRyan1/140140faces.jpg,notRyan,train
1,train/notRyan1/120120faces.jpg,notRyan,train
1,train/notRyan1/110110faces.jpg,notRyan,train
1,train/notRyan1/7979faces.jpg,notRyan,train
1,train/notRyan1/9797faces.jpg,notRyan,train
1,train/notRyan1/327327faces.jpg,notRyan,train
1,train/notRyan1/259259faces.jpg,notRyan,train
1,train/notRyan1/8585faces.jpg,notRyan,train
1,train/notRyan1/120120facres.jpg,notRyan,train
1,train/notRyan1/269269faces.jpg,notRyan,train
1,train/notRyan1/i8888faces.jpg,notRyan,train
1,train/notRyan1/209209faces.jpg,notRyan,train
1,train/notRyan1/180180faces.jpg,notRyan,train
1,train/notRyan1/401401faces.jpg,notRyan,train
1,train/notRyan1/213213facges.jpg,notRyan,train
1,train/notRyan1/7125125faces.jpg,notRyan,train
1,train/notRyan1/231231faces.jpg,notRyan,train
1,train/notRyan1/109109faces-1.jpg,notRyan,train
1,train/notRyan1/469469faces.jpg,notRyan,train
1,train/notRyan1/403403faces-1.jpg,notRyan,train
1,train/notRyan1/i4242faces.jpg,notRyan,train
1,train/notRyan1/261261faces.jpg,notRyan,train
1,train/notRyan1/i198198faces.jpg,notRyan,train
1,train/notRyan1/215215facges.jpg,notRyan,train
1,train/notRyan1/i5050faces.jpg,notRyan,train
1,train/notRyan1/118118faces.jpg,notRyan,train
1,train/notRyan1/i168168faces.jpg,notRyan,train
1,train/notRyan1/i108108faces.jpg,notRyan,train
1,train/notRyan1/178178faces.jpg,notRyan,train
1,train/notRyan1/148148faces.jpg,notRyan,train
1,train/notRyan1/154154faces-1.jpg,notRyan,train
0,test/Ryan1/228.jpg,Ryan,test
0,test/Ryan1/197197faces.jpg,Ryan,test
0,test/Ryan1/201.jpg,Ryan,test
0,test/Ryan1/163.jpg,Ryan,test
0,test/Ryan1/188.jpg,Ryan,test
0,test/Ryan1/149.jpg,Ryan,test
0,test/Ryan1/203.jpg,Ryan,test
0,test/Ryan1/75.jpg,Ryan,test
0,test/Ryan1/232232faces.jpg,Ryan,test
0,test/Ryan1/262262faces.jpg,Ryan,test
0,test/Ryan1/173173faces.jpg,Ryan,test
0,test/Ryan1/199.jpg,Ryan,test
0,test/Ryan1/67.jpg,Ryan,test
0,test/Ryan1/576576faces.jpg,Ryan,test
0,test/Ryan1/594594faces.jpg,Ryan,test
0,test/Ryan1/661661faces.jpg,Ryan,test
0,test/Ryan1/177177faces.jpg,Ryan,test
0,test/Ryan1/256256faces.jpg,Ryan,test
0,test/Ryan1/106.jpg,Ryan,test
0,test/Ryan1/296296faces.jpg,Ryan,test
0,test/Ryan1/139.jpg,Ryan,test
0,test/Ryan1/429429faces.jpg,Ryan,test
0,test/Ryan1/798798faces.jpg,Ryan,test
0,test/Ryan1/100100faces.jpg,Ryan,test
0,test/Ryan1/646646faces.jpg,Ryan,test
0,test/Ryan1/495495faces.jpg,Ryan,test
0,test/Ryan1/399399faces.jpg,Ryan,test
0,test/Ryan1/209.jpg,Ryan,test
0,test/Ryan1/142.jpg,Ryan,test
0,test/Ryan1/5.jpg,Ryan,test
0,test/Ryan1/197.jpg,Ryan,test
0,test/Ryan1/168.jpg,Ryan,test
0,test/Ryan1/44.jpg,Ryan,test
0,test/Ryan1/151.jpg,Ryan,test
0,test/Ryan1/226.jpg,Ryan,test
0,test/Ryan1/45.jpg,Ryan,test
0,test/Ryan1/149149facefs.jpg,Ryan,test
0,test/Ryan1/47.jpg,Ryan,test
0,test/Ryan1/84.jpg,Ryan,test
0,test/Ryan1/317317faces.jpg,Ryan,test
0,test/Ryan1/780780faces.jpg,Ryan,test
0,test/Ryan1/219.jpg,Ryan,test
1,test/notRyan1/300300faces.jpg,notRyan,test
1,test/notRyan1/197197faces.jpg,notRyan,test
1,test/notRyan1/7272fdaces.jpg,notRyan,test
1,test/notRyan1/185185faces.jpg,notRyan,test
1,test/notRyan1/125125faces.jpg,notRyan,test
1,test/notRyan1/254254faces.jpg,notRyan,test
1,test/notRyan1/418418faces.jpg,notRyan,test
1,test/notRyan1/262262faces.jpg,notRyan,test
1,test/notRyan1/344344faces.jpg,notRyan,test
1,test/notRyan1/123123faces.jpg,notRyan,test
1,test/notRyan1/250250faces.jpg,notRyan,test
1,test/notRyan1/149149faces.jpg,notRyan,test
1,test/notRyan1/298298faces.jpg,notRyan,test
1,test/notRyan1/8383faces.jpg,notRyan,test
1,test/notRyan1/123123faces-1.jpg,notRyan,test
1,test/notRyan1/123123faces-1-1.jpg,notRyan,test
1,test/notRyan1/244244faces.jpg,notRyan,test
1,test/notRyan1/8787faces-1-2.jpg,notRyan,test
1,test/notRyan1/4545faces.jpg,notRyan,test
1,test/notRyan1/842842faces-1.jpg,notRyan,test
1,test/notRyan1/20.jpg,notRyan,test
1,test/notRyan1/8888faces.jpg,notRyan,test
1,test/notRyan1/279279faces.jpg,notRyan,test
1,test/notRyan1/171171faces-1.jpg,notRyan,test
1,test/notRyan1/343343faces.jpg,notRyan,test
1,test/notRyan1/30.jpg,notRyan,test
1,test/notRyan1/166166faces.jpg,notRyan,test
1,test/notRyan1/217217faces.jpg,notRyan,test
1,test/notRyan1/7979faces-2.jpg,notRyan,test
1,test/notRyan1/215215faces.jpg,notRyan,test
1,test/notRyan1/208208faces-1.jpg,notRyan,test
1,test/notRyan1/223223faces.jpg,notRyan,test
1,test/notRyan1/154154faces-2.jpg,notRyan,test
1,test/notRyan1/1.jpg,notRyan,test
1,test/notRyan1/327327faces.jpg,notRyan,test
1,test/notRyan1/8585faces.jpg,notRyan,test
1,test/notRyan1/180180faces.jpg,notRyan,test
1,test/notRyan1/148148faces.jpg,notRyan,test
0,valid/Ryan1/229.jpg,Ryan,valid
0,valid/Ryan1/350350faces.jpg,Ryan,valid
0,valid/Ryan1/11131113faces.jpg,Ryan,valid
0,valid/Ryan1/175175faces.jpg,Ryan,valid
0,valid/Ryan1/204204faces.jpg,Ryan,valid
0,valid/Ryan1/174.jpg,Ryan,valid
0,valid/Ryan1/49.jpg,Ryan,valid
0,valid/Ryan1/217217faceus.jpg,Ryan,valid
0,valid/Ryan1/213.jpg,Ryan,valid
0,valid/Ryan1/171.jpg,Ryan,valid
0,valid/Ryan1/270270faces.jpg,Ryan,valid
0,valid/Ryan1/8.jpg,Ryan,valid
0,valid/Ryan1/173.jpg,Ryan,valid
0,valid/Ryan1/202202faces.jpg,Ryan,valid
0,valid/Ryan1/386386faces.jpg,Ryan,valid
0,valid/Ryan1/208208faces.jpg,Ryan,valid
0,valid/Ryan1/128.jpg,Ryan,valid
0,valid/Ryan1/548548faces.jpg,Ryan,valid
0,valid/Ryan1/266266faces.jpg,Ryan,valid
0,valid/Ryan1/643643faces.jpg,Ryan,valid
0,valid/Ryan1/35.jpg,Ryan,valid
0,valid/Ryan1/134.jpg,Ryan,valid
0,valid/Ryan1/907907faces.jpg,Ryan,valid
0,valid/Ryan1/121.jpg,Ryan,valid
0,valid/Ryan1/575575faces.jpg,Ryan,valid
0,valid/Ryan1/250250facefs.jpg,Ryan,valid
0,valid/Ryan1/23.jpg,Ryan,valid
0,valid/Ryan1/172172ftaces.jpg,Ryan,valid
0,valid/Ryan1/662662faces.jpg,Ryan,valid
0,valid/Ryan1/959959faces.jpg,Ryan,valid
0,valid/Ryan1/131.jpg,Ryan,valid
0,valid/Ryan1/119.jpg,Ryan,valid
0,valid/Ryan1/156156faces.jpg,Ryan,valid
0,valid/Ryan1/42.jpg,Ryan,valid
0,valid/Ryan1/220.jpg,Ryan,valid
0,valid/Ryan1/207207faces.jpg,Ryan,valid
0,valid/Ryan1/79.jpg,Ryan,valid
0,valid/Ryan1/185.jpg,Ryan,valid
0,valid/Ryan1/259259faces.jpg,Ryan,valid
0,valid/Ryan1/153.jpg,Ryan,valid
0,valid/Ryan1/52.jpg,Ryan,valid
1,valid/notRyan1/500500faces.jpg,notRyan,valid
1,valid/notRyan1/6969faces.jpg,notRyan,valid
1,valid/notRyan1/107107faces.jpg,notRyan,valid
1,valid/notRyan1/i6363faces.jpg,notRyan,valid
1,valid/notRyan1/279279facres.jpg,notRyan,valid
1,valid/notRyan1/122122faces-1.jpg,notRyan,valid
1,valid/notRyan1/i105105faces.jpg,notRyan,valid
1,valid/notRyan1/9292faces.jpg,notRyan,valid
1,valid/notRyan1/i4747faces.jpg,notRyan,valid
1,valid/notRyan1/264264faces.jpg,notRyan,valid
1,valid/notRyan1/i4949faces.jpg,notRyan,valid
1,valid/notRyan1/384384faces.jpg,notRyan,valid
1,valid/notRyan1/i4444faces.jpg,notRyan,valid
1,valid/notRyan1/i240240faces.jpg,notRyan,valid
1,valid/notRyan1/9191faces.jpg,notRyan,valid
1,valid/notRyan1/607607faces-1.jpg,notRyan,valid
1,valid/notRyan1/326326faces.jpg,notRyan,valid
1,valid/notRyan1/123123faces-1.jpg,notRyan,valid
1,valid/notRyan1/212212faces.jpg,notRyan,valid
1,valid/notRyan1/187187faces.jpg,notRyan,valid
1,valid/notRyan1/528528faces.jpg,notRyan,valid
1,valid/notRyan1/7676faces.jpg,notRyan,valid
1,valid/notRyan1/631631faces-1.jpg,notRyan,valid
1,valid/notRyan1/i9292faces.jpg,notRyan,valid
1,valid/notRyan1/856856faces.jpg,notRyan,valid
1,valid/notRyan1/240240faces-1.jpg,notRyan,valid
1,valid/notRyan1/604604faces.jpg,notRyan,valid
1,valid/notRyan1/842842faces-1.jpg,notRyan,valid
1,valid/notRyan1/849849faces.jpg,notRyan,valid
1,valid/notRyan1/8787faces-1-1.jpg,notRyan,valid
1,valid/notRyan1/850850faces-1.jpg,notRyan,valid
1,valid/notRyan1/8888faces.jpg,notRyan,valid
1,valid/notRyan1/171171faces-1.jpg,notRyan,valid
1,valid/notRyan1/166166faces.jpg,notRyan,valid
1,valid/notRyan1/7979faces-2.jpg,notRyan,valid
1,valid/notRyan1/154154faces-2.jpg,notRyan,valid
1,valid/notRyan1/9191faces-1.jpg,notRyan,valid
